<?xml version="1.0"?>
<link_info>
   <banner>TI ARM Linker PC v5.1.10</banner>
   <copyright>Copyright (c) 1996-2015 Texas Instruments Incorporated</copyright>
   <link_time>0x54f6cd8b</link_time>
   <link_errors>0x0</link_errors>
   <output_file>BlinkyASM.out</output_file>
   <entry_point>
      <name>_c_int00</name>
      <address>0x469</address>
   </entry_point>
   <input_file_list>
      <input_file id="fl-2">
         <path>.\</path>
         <kind>object</kind>
         <file>main.obj</file>
         <name>main.obj</name>
      </input_file>
      <input_file id="fl-3">
         <path>.\</path>
         <kind>object</kind>
         <file>tm4c1294ncpdt_startup_ccs.obj</file>
         <name>tm4c1294ncpdt_startup_ccs.obj</name>
      </input_file>
      <input_file id="fl-130">
         <path>c:\ti\ccsv6\tools\compiler\arm_5.1.10\lib\</path>
         <kind>archive</kind>
         <file>rtsv7M4_T_le_v4SPD16_eabi.lib</file>
         <name>boot.obj</name>
      </input_file>
      <input_file id="fl-131">
         <path>c:\ti\ccsv6\tools\compiler\arm_5.1.10\lib\</path>
         <kind>archive</kind>
         <file>rtsv7M4_T_le_v4SPD16_eabi.lib</file>
         <name>copy_decompress_none.obj</name>
      </input_file>
      <input_file id="fl-132">
         <path>c:\ti\ccsv6\tools\compiler\arm_5.1.10\lib\</path>
         <kind>archive</kind>
         <file>rtsv7M4_T_le_v4SPD16_eabi.lib</file>
         <name>copy_decompress_rle.obj</name>
      </input_file>
      <input_file id="fl-133">
         <path>c:\ti\ccsv6\tools\compiler\arm_5.1.10\lib\</path>
         <kind>archive</kind>
         <file>rtsv7M4_T_le_v4SPD16_eabi.lib</file>
         <name>copy_zero_init.obj</name>
      </input_file>
      <input_file id="fl-134">
         <path>c:\ti\ccsv6\tools\compiler\arm_5.1.10\lib\</path>
         <kind>archive</kind>
         <file>rtsv7M4_T_le_v4SPD16_eabi.lib</file>
         <name>exit.obj</name>
      </input_file>
      <input_file id="fl-135">
         <path>c:\ti\ccsv6\tools\compiler\arm_5.1.10\lib\</path>
         <kind>archive</kind>
         <file>rtsv7M4_T_le_v4SPD16_eabi.lib</file>
         <name>memcpy_t2.obj</name>
      </input_file>
      <input_file id="fl-136">
         <path>c:\ti\ccsv6\tools\compiler\arm_5.1.10\lib\</path>
         <kind>archive</kind>
         <file>rtsv7M4_T_le_v4SPD16_eabi.lib</file>
         <name>stkdepth_vars.obj</name>
      </input_file>
      <input_file id="fl-137">
         <path>c:\ti\ccsv6\tools\compiler\arm_5.1.10\lib\</path>
         <kind>archive</kind>
         <file>rtsv7M4_T_le_v4SPD16_eabi.lib</file>
         <name>_lock.obj</name>
      </input_file>
      <input_file id="fl-138">
         <path>c:\ti\ccsv6\tools\compiler\arm_5.1.10\lib\</path>
         <kind>archive</kind>
         <file>rtsv7M4_T_le_v4SPD16_eabi.lib</file>
         <name>args_main.obj</name>
      </input_file>
      <input_file id="fl-139">
         <path>c:\ti\ccsv6\tools\compiler\arm_5.1.10\lib\</path>
         <kind>archive</kind>
         <file>rtsv7M4_T_le_v4SPD16_eabi.lib</file>
         <name>auto_init.obj</name>
      </input_file>
      <input_file id="fl-13a">
         <path>c:\ti\ccsv6\tools\compiler\arm_5.1.10\lib\</path>
         <kind>archive</kind>
         <file>rtsv7M4_T_le_v4SPD16_eabi.lib</file>
         <name>cpy_tbl.obj</name>
      </input_file>
   </input_file_list>
   <object_component_list>
      <object_component id="oc-e">
         <name>.intvecs</name>
         <load_address>0x0</load_address>
         <run_address>0x0</run_address>
         <size>0x208</size>
         <input_file_ref idref="fl-3"/>
      </object_component>
      <object_component id="oc-7b">
         <name>.text</name>
         <load_address>0x208</load_address>
         <run_address>0x208</run_address>
         <size>0xce</size>
         <input_file_ref idref="fl-2"/>
      </object_component>
      <object_component id="oc-47">
         <name>.text</name>
         <load_address>0x2d6</load_address>
         <run_address>0x2d6</run_address>
         <size>0x9c</size>
         <input_file_ref idref="fl-135"/>
      </object_component>
      <object_component id="oc-32">
         <name>.text</name>
         <load_address>0x374</load_address>
         <run_address>0x374</run_address>
         <size>0x94</size>
         <input_file_ref idref="fl-139"/>
      </object_component>
      <object_component id="oc-5a">
         <name>.text</name>
         <load_address>0x408</load_address>
         <run_address>0x408</run_address>
         <size>0x5e</size>
         <input_file_ref idref="fl-132"/>
      </object_component>
      <object_component id="oc-11">
         <name>.text</name>
         <load_address>0x468</load_address>
         <run_address>0x468</run_address>
         <size>0x48</size>
         <input_file_ref idref="fl-130"/>
      </object_component>
      <object_component id="oc-74">
         <name>.text</name>
         <load_address>0x4b0</load_address>
         <run_address>0x4b0</run_address>
         <size>0x44</size>
         <input_file_ref idref="fl-13a"/>
      </object_component>
      <object_component id="oc-3d">
         <name>.text</name>
         <load_address>0x4f4</load_address>
         <run_address>0x4f4</run_address>
         <size>0x44</size>
         <input_file_ref idref="fl-134"/>
      </object_component>
      <object_component id="oc-37">
         <name>.text</name>
         <load_address>0x538</load_address>
         <run_address>0x538</run_address>
         <size>0x18</size>
         <input_file_ref idref="fl-138"/>
      </object_component>
      <object_component id="oc-a7">
         <name>.text</name>
         <load_address>0x550</load_address>
         <run_address>0x550</run_address>
         <size>0x14</size>
         <input_file_ref idref="fl-137"/>
      </object_component>
      <object_component id="oc-16">
         <name>.text:decompress:none</name>
         <load_address>0x564</load_address>
         <run_address>0x564</run_address>
         <size>0xe</size>
         <input_file_ref idref="fl-131"/>
      </object_component>
      <object_component id="oc-29">
         <name>.text</name>
         <load_address>0x572</load_address>
         <run_address>0x572</run_address>
         <size>0xc</size>
         <input_file_ref idref="fl-3"/>
      </object_component>
      <object_component id="oc-22">
         <name>.text:decompress:rle24</name>
         <load_address>0x57e</load_address>
         <run_address>0x57e</run_address>
         <size>0x6</size>
         <input_file_ref idref="fl-132"/>
      </object_component>
      <object_component id="oc-df">
         <name>.cinit..data.load</name>
         <load_address>0x588</load_address>
         <run_address>0x588</run_address>
         <size>0xf</size>
      </object_component>
      <object_component id="oc-dd">
         <name>__TI_handler_table</name>
         <load_address>0x598</load_address>
         <run_address>0x598</run_address>
         <size>0x8</size>
      </object_component>
      <object_component id="oc-de">
         <name>__TI_cinit_table</name>
         <load_address>0x5a0</load_address>
         <run_address>0x5a0</run_address>
         <size>0x8</size>
      </object_component>
      <object_component id="oc-43">
         <name>.data</name>
         <load_address>0x20000210</load_address>
         <run_address>0x20000210</run_address>
         <size>0x4</size>
         <input_file_ref idref="fl-136"/>
      </object_component>
      <object_component id="oc-82">
         <name>.data</name>
         <load_address>0x20000200</load_address>
         <run_address>0x20000200</run_address>
         <size>0x8</size>
         <input_file_ref idref="fl-137"/>
      </object_component>
      <object_component id="oc-85">
         <name>.data</name>
         <load_address>0x20000208</load_address>
         <run_address>0x20000208</run_address>
         <size>0x8</size>
         <input_file_ref idref="fl-134"/>
      </object_component>
      <object_component id="oc-28">
         <name>.stack</name>
         <uninitialized>true</uninitialized>
         <run_address>0x20000000</run_address>
         <size>0x0</size>
         <input_file_ref idref="fl-130"/>
      </object_component>
      <object_component id="oc-e0">
         <name>.stack</name>
         <uninitialized>true</uninitialized>
         <run_address>0x20000000</run_address>
         <size>0x0</size>
      </object_component>
      <object_component id="oc-f">
         <name>.debug_info</name>
         <load_address>0x0</load_address>
         <run_address>0x0</run_address>
         <size>0xe3</size>
         <input_file_ref idref="fl-3"/>
      </object_component>
      <object_component id="oc-12">
         <name>.debug_info</name>
         <load_address>0xe3</load_address>
         <run_address>0xe3</run_address>
         <size>0xf2</size>
         <input_file_ref idref="fl-130"/>
      </object_component>
      <object_component id="oc-17">
         <name>.debug_info</name>
         <load_address>0x1d5</load_address>
         <run_address>0x1d5</run_address>
         <size>0x180</size>
         <input_file_ref idref="fl-131"/>
      </object_component>
      <object_component id="oc-23">
         <name>.debug_info</name>
         <load_address>0x355</load_address>
         <run_address>0x355</run_address>
         <size>0x167</size>
         <input_file_ref idref="fl-132"/>
      </object_component>
      <object_component id="oc-2a">
         <name>.debug_info</name>
         <load_address>0x4bc</load_address>
         <run_address>0x4bc</run_address>
         <size>0x262</size>
         <input_file_ref idref="fl-3"/>
      </object_component>
      <object_component id="oc-31">
         <name>.debug_info</name>
         <load_address>0x71e</load_address>
         <run_address>0x71e</run_address>
         <size>0xfe</size>
         <input_file_ref idref="fl-3"/>
      </object_component>
      <object_component id="oc-33">
         <name>.debug_info</name>
         <load_address>0x81c</load_address>
         <run_address>0x81c</run_address>
         <size>0x13a</size>
         <input_file_ref idref="fl-139"/>
      </object_component>
      <object_component id="oc-38">
         <name>.debug_info</name>
         <load_address>0x956</load_address>
         <run_address>0x956</run_address>
         <size>0x11d</size>
         <input_file_ref idref="fl-138"/>
      </object_component>
      <object_component id="oc-3e">
         <name>.debug_info</name>
         <load_address>0xa73</load_address>
         <run_address>0xa73</run_address>
         <size>0x1ae</size>
         <input_file_ref idref="fl-134"/>
      </object_component>
      <object_component id="oc-44">
         <name>.debug_info</name>
         <load_address>0xc21</load_address>
         <run_address>0xc21</run_address>
         <size>0xbf</size>
         <input_file_ref idref="fl-136"/>
      </object_component>
      <object_component id="oc-49">
         <name>.debug_info</name>
         <load_address>0xce0</load_address>
         <run_address>0xce0</run_address>
         <size>0xcb</size>
         <input_file_ref idref="fl-135"/>
      </object_component>
      <object_component id="oc-4d">
         <name>.debug_info</name>
         <load_address>0xdab</load_address>
         <run_address>0xdab</run_address>
         <size>0x46</size>
         <input_file_ref idref="fl-131"/>
      </object_component>
      <object_component id="oc-52">
         <name>.debug_info</name>
         <load_address>0xdf1</load_address>
         <run_address>0xdf1</run_address>
         <size>0xee</size>
         <input_file_ref idref="fl-131"/>
      </object_component>
      <object_component id="oc-5b">
         <name>.debug_info</name>
         <load_address>0xedf</load_address>
         <run_address>0xedf</run_address>
         <size>0x1f0</size>
         <input_file_ref idref="fl-132"/>
      </object_component>
      <object_component id="oc-61">
         <name>.debug_info</name>
         <load_address>0x10cf</load_address>
         <run_address>0x10cf</run_address>
         <size>0xb8</size>
         <input_file_ref idref="fl-132"/>
      </object_component>
      <object_component id="oc-62">
         <name>.debug_info</name>
         <load_address>0x1187</load_address>
         <run_address>0x1187</run_address>
         <size>0x39</size>
         <input_file_ref idref="fl-132"/>
      </object_component>
      <object_component id="oc-6a">
         <name>.debug_info</name>
         <load_address>0x11c0</load_address>
         <run_address>0x11c0</run_address>
         <size>0x84</size>
         <input_file_ref idref="fl-3"/>
      </object_component>
      <object_component id="oc-6f">
         <name>.debug_info</name>
         <load_address>0x1244</load_address>
         <run_address>0x1244</run_address>
         <size>0x18b</size>
         <input_file_ref idref="fl-3"/>
      </object_component>
      <object_component id="oc-75">
         <name>.debug_info</name>
         <load_address>0x13cf</load_address>
         <run_address>0x13cf</run_address>
         <size>0x14c</size>
         <input_file_ref idref="fl-13a"/>
      </object_component>
      <object_component id="oc-7c">
         <name>.debug_info</name>
         <load_address>0x151b</load_address>
         <run_address>0x151b</run_address>
         <size>0xc9</size>
         <input_file_ref idref="fl-2"/>
      </object_component>
      <object_component id="oc-81">
         <name>.debug_info</name>
         <load_address>0x15e4</load_address>
         <run_address>0x15e4</run_address>
         <size>0x11c</size>
         <input_file_ref idref="fl-138"/>
      </object_component>
      <object_component id="oc-83">
         <name>.debug_info</name>
         <load_address>0x1700</load_address>
         <run_address>0x1700</run_address>
         <size>0xc9</size>
         <input_file_ref idref="fl-137"/>
      </object_component>
      <object_component id="oc-86">
         <name>.debug_info</name>
         <load_address>0x17c9</load_address>
         <run_address>0x17c9</run_address>
         <size>0xec</size>
         <input_file_ref idref="fl-134"/>
      </object_component>
      <object_component id="oc-8c">
         <name>.debug_info</name>
         <load_address>0x18b5</load_address>
         <run_address>0x18b5</run_address>
         <size>0x2c</size>
         <input_file_ref idref="fl-131"/>
      </object_component>
      <object_component id="oc-93">
         <name>.debug_info</name>
         <load_address>0x18e1</load_address>
         <run_address>0x18e1</run_address>
         <size>0x2c</size>
         <input_file_ref idref="fl-133"/>
      </object_component>
      <object_component id="oc-9e">
         <name>.debug_info</name>
         <load_address>0x190d</load_address>
         <run_address>0x190d</run_address>
         <size>0x149</size>
         <input_file_ref idref="fl-13a"/>
      </object_component>
      <object_component id="oc-a2">
         <name>.debug_info</name>
         <load_address>0x1a56</load_address>
         <run_address>0x1a56</run_address>
         <size>0x5e</size>
         <input_file_ref idref="fl-138"/>
      </object_component>
      <object_component id="oc-a8">
         <name>.debug_info</name>
         <load_address>0x1ab4</load_address>
         <run_address>0x1ab4</run_address>
         <size>0x1d5</size>
         <input_file_ref idref="fl-137"/>
      </object_component>
      <object_component id="oc-af">
         <name>.debug_info</name>
         <load_address>0x1c89</load_address>
         <run_address>0x1c89</run_address>
         <size>0xda</size>
         <input_file_ref idref="fl-137"/>
      </object_component>
      <object_component id="oc-b3">
         <name>.debug_info</name>
         <load_address>0x1d63</load_address>
         <run_address>0x1d63</run_address>
         <size>0x142</size>
         <input_file_ref idref="fl-134"/>
      </object_component>
      <object_component id="oc-b7">
         <name>.debug_info</name>
         <load_address>0x1ea5</load_address>
         <run_address>0x1ea5</run_address>
         <size>0xcd</size>
         <input_file_ref idref="fl-13a"/>
      </object_component>
      <object_component id="oc-e1">
         <name>.debug_info</name>
         <load_address>0x1f72</load_address>
         <run_address>0x1f72</run_address>
         <size>0x9c</size>
      </object_component>
      <object_component id="oc-10">
         <name>.debug_pubnames</name>
         <load_address>0x0</load_address>
         <run_address>0x0</run_address>
         <size>0x23</size>
         <input_file_ref idref="fl-3"/>
      </object_component>
      <object_component id="oc-13">
         <name>.debug_pubnames</name>
         <load_address>0x23</load_address>
         <run_address>0x23</run_address>
         <size>0x1f</size>
         <input_file_ref idref="fl-130"/>
      </object_component>
      <object_component id="oc-19">
         <name>.debug_pubnames</name>
         <load_address>0x42</load_address>
         <run_address>0x42</run_address>
         <size>0x2b</size>
         <input_file_ref idref="fl-131"/>
      </object_component>
      <object_component id="oc-25">
         <name>.debug_pubnames</name>
         <load_address>0x6d</load_address>
         <run_address>0x6d</run_address>
         <size>0x2c</size>
         <input_file_ref idref="fl-132"/>
      </object_component>
      <object_component id="oc-2c">
         <name>.debug_pubnames</name>
         <load_address>0x99</load_address>
         <run_address>0x99</run_address>
         <size>0x4c</size>
         <input_file_ref idref="fl-3"/>
      </object_component>
      <object_component id="oc-35">
         <name>.debug_pubnames</name>
         <load_address>0xe5</load_address>
         <run_address>0xe5</run_address>
         <size>0x37</size>
         <input_file_ref idref="fl-139"/>
      </object_component>
      <object_component id="oc-3a">
         <name>.debug_pubnames</name>
         <load_address>0x11c</load_address>
         <run_address>0x11c</run_address>
         <size>0x21</size>
         <input_file_ref idref="fl-138"/>
      </object_component>
      <object_component id="oc-40">
         <name>.debug_pubnames</name>
         <load_address>0x13d</load_address>
         <run_address>0x13d</run_address>
         <size>0x35</size>
         <input_file_ref idref="fl-134"/>
      </object_component>
      <object_component id="oc-45">
         <name>.debug_pubnames</name>
         <load_address>0x172</load_address>
         <run_address>0x172</run_address>
         <size>0x23</size>
         <input_file_ref idref="fl-136"/>
      </object_component>
      <object_component id="oc-4b">
         <name>.debug_pubnames</name>
         <load_address>0x195</load_address>
         <run_address>0x195</run_address>
         <size>0x1d</size>
         <input_file_ref idref="fl-135"/>
      </object_component>
      <object_component id="oc-5d">
         <name>.debug_pubnames</name>
         <load_address>0x1b2</load_address>
         <run_address>0x1b2</run_address>
         <size>0x2f</size>
         <input_file_ref idref="fl-132"/>
      </object_component>
      <object_component id="oc-77">
         <name>.debug_pubnames</name>
         <load_address>0x1e1</load_address>
         <run_address>0x1e1</run_address>
         <size>0x1e</size>
         <input_file_ref idref="fl-13a"/>
      </object_component>
      <object_component id="oc-7e">
         <name>.debug_pubnames</name>
         <load_address>0x1ff</load_address>
         <run_address>0x1ff</run_address>
         <size>0x2b</size>
         <input_file_ref idref="fl-2"/>
      </object_component>
      <object_component id="oc-84">
         <name>.debug_pubnames</name>
         <load_address>0x22a</load_address>
         <run_address>0x22a</run_address>
         <size>0x28</size>
         <input_file_ref idref="fl-137"/>
      </object_component>
      <object_component id="oc-87">
         <name>.debug_pubnames</name>
         <load_address>0x252</load_address>
         <run_address>0x252</run_address>
         <size>0x3a</size>
         <input_file_ref idref="fl-134"/>
      </object_component>
      <object_component id="oc-aa">
         <name>.debug_pubnames</name>
         <load_address>0x28c</load_address>
         <run_address>0x28c</run_address>
         <size>0x43</size>
         <input_file_ref idref="fl-137"/>
      </object_component>
      <object_component id="oc-14">
         <name>.debug_aranges</name>
         <load_address>0x0</load_address>
         <run_address>0x0</run_address>
         <size>0x20</size>
         <input_file_ref idref="fl-130"/>
      </object_component>
      <object_component id="oc-18">
         <name>.debug_aranges</name>
         <load_address>0x20</load_address>
         <run_address>0x20</run_address>
         <size>0x20</size>
         <input_file_ref idref="fl-131"/>
      </object_component>
      <object_component id="oc-24">
         <name>.debug_aranges</name>
         <load_address>0x40</load_address>
         <run_address>0x40</run_address>
         <size>0x20</size>
         <input_file_ref idref="fl-132"/>
      </object_component>
      <object_component id="oc-2b">
         <name>.debug_aranges</name>
         <load_address>0x60</load_address>
         <run_address>0x60</run_address>
         <size>0x38</size>
         <input_file_ref idref="fl-3"/>
      </object_component>
      <object_component id="oc-34">
         <name>.debug_aranges</name>
         <load_address>0x98</load_address>
         <run_address>0x98</run_address>
         <size>0x28</size>
         <input_file_ref idref="fl-139"/>
      </object_component>
      <object_component id="oc-39">
         <name>.debug_aranges</name>
         <load_address>0xc0</load_address>
         <run_address>0xc0</run_address>
         <size>0x20</size>
         <input_file_ref idref="fl-138"/>
      </object_component>
      <object_component id="oc-3f">
         <name>.debug_aranges</name>
         <load_address>0xe0</load_address>
         <run_address>0xe0</run_address>
         <size>0x30</size>
         <input_file_ref idref="fl-134"/>
      </object_component>
      <object_component id="oc-4a">
         <name>.debug_aranges</name>
         <load_address>0x110</load_address>
         <run_address>0x110</run_address>
         <size>0x20</size>
         <input_file_ref idref="fl-135"/>
      </object_component>
      <object_component id="oc-5c">
         <name>.debug_aranges</name>
         <load_address>0x130</load_address>
         <run_address>0x130</run_address>
         <size>0x20</size>
         <input_file_ref idref="fl-132"/>
      </object_component>
      <object_component id="oc-76">
         <name>.debug_aranges</name>
         <load_address>0x150</load_address>
         <run_address>0x150</run_address>
         <size>0x20</size>
         <input_file_ref idref="fl-13a"/>
      </object_component>
      <object_component id="oc-7d">
         <name>.debug_aranges</name>
         <load_address>0x170</load_address>
         <run_address>0x170</run_address>
         <size>0x20</size>
         <input_file_ref idref="fl-2"/>
      </object_component>
      <object_component id="oc-a9">
         <name>.debug_aranges</name>
         <load_address>0x190</load_address>
         <run_address>0x190</run_address>
         <size>0x30</size>
         <input_file_ref idref="fl-137"/>
      </object_component>
      <object_component id="oc-15">
         <name>.debug_line</name>
         <load_address>0x0</load_address>
         <run_address>0x0</run_address>
         <size>0x4f</size>
         <input_file_ref idref="fl-130"/>
      </object_component>
      <object_component id="oc-1a">
         <name>.debug_line</name>
         <load_address>0x4f</load_address>
         <run_address>0x4f</run_address>
         <size>0x55</size>
         <input_file_ref idref="fl-131"/>
      </object_component>
      <object_component id="oc-26">
         <name>.debug_line</name>
         <load_address>0xa4</load_address>
         <run_address>0xa4</run_address>
         <size>0x4b</size>
         <input_file_ref idref="fl-132"/>
      </object_component>
      <object_component id="oc-2d">
         <name>.debug_line</name>
         <load_address>0xef</load_address>
         <run_address>0xef</run_address>
         <size>0xa2</size>
         <input_file_ref idref="fl-3"/>
      </object_component>
      <object_component id="oc-30">
         <name>.debug_line</name>
         <load_address>0x191</load_address>
         <run_address>0x191</run_address>
         <size>0x42</size>
         <input_file_ref idref="fl-3"/>
      </object_component>
      <object_component id="oc-36">
         <name>.debug_line</name>
         <load_address>0x1d3</load_address>
         <run_address>0x1d3</run_address>
         <size>0x87</size>
         <input_file_ref idref="fl-139"/>
      </object_component>
      <object_component id="oc-3b">
         <name>.debug_line</name>
         <load_address>0x25a</load_address>
         <run_address>0x25a</run_address>
         <size>0x50</size>
         <input_file_ref idref="fl-138"/>
      </object_component>
      <object_component id="oc-41">
         <name>.debug_line</name>
         <load_address>0x2aa</load_address>
         <run_address>0x2aa</run_address>
         <size>0x7a</size>
         <input_file_ref idref="fl-134"/>
      </object_component>
      <object_component id="oc-48">
         <name>.debug_line</name>
         <load_address>0x324</load_address>
         <run_address>0x324</run_address>
         <size>0x88</size>
         <input_file_ref idref="fl-135"/>
      </object_component>
      <object_component id="oc-50">
         <name>.debug_line</name>
         <load_address>0x3ac</load_address>
         <run_address>0x3ac</run_address>
         <size>0x3a</size>
         <input_file_ref idref="fl-131"/>
      </object_component>
      <object_component id="oc-5e">
         <name>.debug_line</name>
         <load_address>0x3e6</load_address>
         <run_address>0x3e6</run_address>
         <size>0x8c</size>
         <input_file_ref idref="fl-132"/>
      </object_component>
      <object_component id="oc-65">
         <name>.debug_line</name>
         <load_address>0x472</load_address>
         <run_address>0x472</run_address>
         <size>0x39</size>
         <input_file_ref idref="fl-132"/>
      </object_component>
      <object_component id="oc-69">
         <name>.debug_line</name>
         <load_address>0x4ab</load_address>
         <run_address>0x4ab</run_address>
         <size>0x42</size>
         <input_file_ref idref="fl-3"/>
      </object_component>
      <object_component id="oc-6d">
         <name>.debug_line</name>
         <load_address>0x4ed</load_address>
         <run_address>0x4ed</run_address>
         <size>0x20</size>
         <input_file_ref idref="fl-3"/>
      </object_component>
      <object_component id="oc-72">
         <name>.debug_line</name>
         <load_address>0x50d</load_address>
         <run_address>0x50d</run_address>
         <size>0x5a</size>
         <input_file_ref idref="fl-3"/>
      </object_component>
      <object_component id="oc-78">
         <name>.debug_line</name>
         <load_address>0x567</load_address>
         <run_address>0x567</run_address>
         <size>0x6d</size>
         <input_file_ref idref="fl-13a"/>
      </object_component>
      <object_component id="oc-7f">
         <name>.debug_line</name>
         <load_address>0x5d4</load_address>
         <run_address>0x5d4</run_address>
         <size>0x66</size>
         <input_file_ref idref="fl-2"/>
      </object_component>
      <object_component id="oc-8a">
         <name>.debug_line</name>
         <load_address>0x63a</load_address>
         <run_address>0x63a</run_address>
         <size>0x33</size>
         <input_file_ref idref="fl-136"/>
      </object_component>
      <object_component id="oc-8f">
         <name>.debug_line</name>
         <load_address>0x66d</load_address>
         <run_address>0x66d</run_address>
         <size>0x44</size>
         <input_file_ref idref="fl-131"/>
      </object_component>
      <object_component id="oc-92">
         <name>.debug_line</name>
         <load_address>0x6b1</load_address>
         <run_address>0x6b1</run_address>
         <size>0x20</size>
         <input_file_ref idref="fl-131"/>
      </object_component>
      <object_component id="oc-96">
         <name>.debug_line</name>
         <load_address>0x6d1</load_address>
         <run_address>0x6d1</run_address>
         <size>0x44</size>
         <input_file_ref idref="fl-133"/>
      </object_component>
      <object_component id="oc-9c">
         <name>.debug_line</name>
         <load_address>0x715</load_address>
         <run_address>0x715</run_address>
         <size>0x20</size>
         <input_file_ref idref="fl-132"/>
      </object_component>
      <object_component id="oc-a1">
         <name>.debug_line</name>
         <load_address>0x735</load_address>
         <run_address>0x735</run_address>
         <size>0x2b</size>
         <input_file_ref idref="fl-138"/>
      </object_component>
      <object_component id="oc-a5">
         <name>.debug_line</name>
         <load_address>0x760</load_address>
         <run_address>0x760</run_address>
         <size>0x2b</size>
         <input_file_ref idref="fl-138"/>
      </object_component>
      <object_component id="oc-ab">
         <name>.debug_line</name>
         <load_address>0x78b</load_address>
         <run_address>0x78b</run_address>
         <size>0x66</size>
         <input_file_ref idref="fl-137"/>
      </object_component>
      <object_component id="oc-ae">
         <name>.debug_line</name>
         <load_address>0x7f1</load_address>
         <run_address>0x7f1</run_address>
         <size>0x2b</size>
         <input_file_ref idref="fl-137"/>
      </object_component>
      <object_component id="oc-b2">
         <name>.debug_line</name>
         <load_address>0x81c</load_address>
         <run_address>0x81c</run_address>
         <size>0x2a</size>
         <input_file_ref idref="fl-134"/>
      </object_component>
      <object_component id="oc-b6">
         <name>.debug_line</name>
         <load_address>0x846</load_address>
         <run_address>0x846</run_address>
         <size>0x51</size>
         <input_file_ref idref="fl-13a"/>
      </object_component>
      <object_component id="oc-ba">
         <name>.debug_line</name>
         <load_address>0x897</load_address>
         <run_address>0x897</run_address>
         <size>0x45</size>
         <input_file_ref idref="fl-13a"/>
      </object_component>
      <object_component id="oc-be">
         <name>.debug_line</name>
         <load_address>0x8dc</load_address>
         <run_address>0x8dc</run_address>
         <size>0x20</size>
         <input_file_ref idref="fl-137"/>
      </object_component>
      <object_component id="oc-c0">
         <name>.debug_line</name>
         <load_address>0x8fc</load_address>
         <run_address>0x8fc</run_address>
         <size>0x43</size>
         <input_file_ref idref="fl-134"/>
      </object_component>
      <object_component id="oc-1b">
         <name>.debug_frame</name>
         <load_address>0x0</load_address>
         <run_address>0x0</run_address>
         <size>0x7f</size>
         <input_file_ref idref="fl-131"/>
      </object_component>
      <object_component id="oc-27">
         <name>.debug_frame</name>
         <load_address>0x7f</load_address>
         <run_address>0x7f</run_address>
         <size>0x7f</size>
         <input_file_ref idref="fl-132"/>
      </object_component>
      <object_component id="oc-2e">
         <name>.debug_frame</name>
         <load_address>0xfe</load_address>
         <run_address>0xfe</run_address>
         <size>0xb2</size>
         <input_file_ref idref="fl-3"/>
      </object_component>
      <object_component id="oc-3c">
         <name>.debug_frame</name>
         <load_address>0x1b0</load_address>
         <run_address>0x1b0</run_address>
         <size>0x7f</size>
         <input_file_ref idref="fl-138"/>
      </object_component>
      <object_component id="oc-42">
         <name>.debug_frame</name>
         <load_address>0x22f</load_address>
         <run_address>0x22f</run_address>
         <size>0xb3</size>
         <input_file_ref idref="fl-134"/>
      </object_component>
      <object_component id="oc-5f">
         <name>.debug_frame</name>
         <load_address>0x2e2</load_address>
         <run_address>0x2e2</run_address>
         <size>0x8a</size>
         <input_file_ref idref="fl-132"/>
      </object_component>
      <object_component id="oc-79">
         <name>.debug_frame</name>
         <load_address>0x36c</load_address>
         <run_address>0x36c</run_address>
         <size>0x8a</size>
         <input_file_ref idref="fl-13a"/>
      </object_component>
      <object_component id="oc-ac">
         <name>.debug_frame</name>
         <load_address>0x3f6</load_address>
         <run_address>0x3f6</run_address>
         <size>0xa1</size>
         <input_file_ref idref="fl-137"/>
      </object_component>
      <object_component id="oc-2f">
         <name>.debug_abbrev</name>
         <load_address>0x0</load_address>
         <run_address>0x0</run_address>
         <size>0x29</size>
         <input_file_ref idref="fl-3"/>
      </object_component>
      <object_component id="oc-46">
         <name>.debug_abbrev</name>
         <load_address>0x29</load_address>
         <run_address>0x29</run_address>
         <size>0x3e</size>
         <input_file_ref idref="fl-130"/>
      </object_component>
      <object_component id="oc-4c">
         <name>.debug_abbrev</name>
         <load_address>0x67</load_address>
         <run_address>0x67</run_address>
         <size>0x74</size>
         <input_file_ref idref="fl-131"/>
      </object_component>
      <object_component id="oc-4f">
         <name>.debug_abbrev</name>
         <load_address>0xdb</load_address>
         <run_address>0xdb</run_address>
         <size>0x24</size>
         <input_file_ref idref="fl-131"/>
      </object_component>
      <object_component id="oc-60">
         <name>.debug_abbrev</name>
         <load_address>0xff</load_address>
         <run_address>0xff</run_address>
         <size>0x66</size>
         <input_file_ref idref="fl-132"/>
      </object_component>
      <object_component id="oc-64">
         <name>.debug_abbrev</name>
         <load_address>0x165</load_address>
         <run_address>0x165</run_address>
         <size>0x24</size>
         <input_file_ref idref="fl-132"/>
      </object_component>
      <object_component id="oc-67">
         <name>.debug_abbrev</name>
         <load_address>0x189</load_address>
         <run_address>0x189</run_address>
         <size>0xcb</size>
         <input_file_ref idref="fl-3"/>
      </object_component>
      <object_component id="oc-68">
         <name>.debug_abbrev</name>
         <load_address>0x254</load_address>
         <run_address>0x254</run_address>
         <size>0x5d</size>
         <input_file_ref idref="fl-3"/>
      </object_component>
      <object_component id="oc-6c">
         <name>.debug_abbrev</name>
         <load_address>0x2b1</load_address>
         <run_address>0x2b1</run_address>
         <size>0x1f</size>
         <input_file_ref idref="fl-3"/>
      </object_component>
      <object_component id="oc-71">
         <name>.debug_abbrev</name>
         <load_address>0x2d0</load_address>
         <run_address>0x2d0</run_address>
         <size>0x35</size>
         <input_file_ref idref="fl-3"/>
      </object_component>
      <object_component id="oc-7a">
         <name>.debug_abbrev</name>
         <load_address>0x305</load_address>
         <run_address>0x305</run_address>
         <size>0x82</size>
         <input_file_ref idref="fl-139"/>
      </object_component>
      <object_component id="oc-80">
         <name>.debug_abbrev</name>
         <load_address>0x387</load_address>
         <run_address>0x387</run_address>
         <size>0x68</size>
         <input_file_ref idref="fl-138"/>
      </object_component>
      <object_component id="oc-88">
         <name>.debug_abbrev</name>
         <load_address>0x3ef</load_address>
         <run_address>0x3ef</run_address>
         <size>0xac</size>
         <input_file_ref idref="fl-134"/>
      </object_component>
      <object_component id="oc-89">
         <name>.debug_abbrev</name>
         <load_address>0x49b</load_address>
         <run_address>0x49b</run_address>
         <size>0x27</size>
         <input_file_ref idref="fl-136"/>
      </object_component>
      <object_component id="oc-8b">
         <name>.debug_abbrev</name>
         <load_address>0x4c2</load_address>
         <run_address>0x4c2</run_address>
         <size>0x3e</size>
         <input_file_ref idref="fl-135"/>
      </object_component>
      <object_component id="oc-8e">
         <name>.debug_abbrev</name>
         <load_address>0x500</load_address>
         <run_address>0x500</run_address>
         <size>0x24</size>
         <input_file_ref idref="fl-131"/>
      </object_component>
      <object_component id="oc-91">
         <name>.debug_abbrev</name>
         <load_address>0x524</load_address>
         <run_address>0x524</run_address>
         <size>0x4c</size>
         <input_file_ref idref="fl-131"/>
      </object_component>
      <object_component id="oc-95">
         <name>.debug_abbrev</name>
         <load_address>0x570</load_address>
         <run_address>0x570</run_address>
         <size>0x24</size>
         <input_file_ref idref="fl-133"/>
      </object_component>
      <object_component id="oc-9a">
         <name>.debug_abbrev</name>
         <load_address>0x594</load_address>
         <run_address>0x594</run_address>
         <size>0x6d</size>
         <input_file_ref idref="fl-132"/>
      </object_component>
      <object_component id="oc-9b">
         <name>.debug_abbrev</name>
         <load_address>0x601</load_address>
         <run_address>0x601</run_address>
         <size>0x2c</size>
         <input_file_ref idref="fl-132"/>
      </object_component>
      <object_component id="oc-9d">
         <name>.debug_abbrev</name>
         <load_address>0x62d</load_address>
         <run_address>0x62d</run_address>
         <size>0x8c</size>
         <input_file_ref idref="fl-13a"/>
      </object_component>
      <object_component id="oc-9f">
         <name>.debug_abbrev</name>
         <load_address>0x6b9</load_address>
         <run_address>0x6b9</run_address>
         <size>0x25</size>
         <input_file_ref idref="fl-2"/>
      </object_component>
      <object_component id="oc-a0">
         <name>.debug_abbrev</name>
         <load_address>0x6de</load_address>
         <run_address>0x6de</run_address>
         <size>0x8e</size>
         <input_file_ref idref="fl-138"/>
      </object_component>
      <object_component id="oc-a4">
         <name>.debug_abbrev</name>
         <load_address>0x76c</load_address>
         <run_address>0x76c</run_address>
         <size>0x49</size>
         <input_file_ref idref="fl-138"/>
      </object_component>
      <object_component id="oc-ad">
         <name>.debug_abbrev</name>
         <load_address>0x7b5</load_address>
         <run_address>0x7b5</run_address>
         <size>0x29</size>
         <input_file_ref idref="fl-137"/>
      </object_component>
      <object_component id="oc-b1">
         <name>.debug_abbrev</name>
         <load_address>0x7de</load_address>
         <run_address>0x7de</run_address>
         <size>0x29</size>
         <input_file_ref idref="fl-134"/>
      </object_component>
      <object_component id="oc-b5">
         <name>.debug_abbrev</name>
         <load_address>0x807</load_address>
         <run_address>0x807</run_address>
         <size>0x8c</size>
         <input_file_ref idref="fl-13a"/>
      </object_component>
      <object_component id="oc-b9">
         <name>.debug_abbrev</name>
         <load_address>0x893</load_address>
         <run_address>0x893</run_address>
         <size>0x4b</size>
         <input_file_ref idref="fl-13a"/>
      </object_component>
      <object_component id="oc-bc">
         <name>.debug_abbrev</name>
         <load_address>0x8de</load_address>
         <run_address>0x8de</run_address>
         <size>0x6f</size>
         <input_file_ref idref="fl-137"/>
      </object_component>
      <object_component id="oc-bd">
         <name>.debug_abbrev</name>
         <load_address>0x94d</load_address>
         <run_address>0x94d</run_address>
         <size>0x45</size>
         <input_file_ref idref="fl-137"/>
      </object_component>
      <object_component id="oc-bf">
         <name>.debug_abbrev</name>
         <load_address>0x992</load_address>
         <run_address>0x992</run_address>
         <size>0x64</size>
         <input_file_ref idref="fl-134"/>
      </object_component>
      <object_component id="oc-e2">
         <name>.debug_abbrev</name>
         <load_address>0x9f6</load_address>
         <run_address>0x9f6</run_address>
         <size>0xf</size>
      </object_component>
      <object_component id="oc-4e">
         <name>.debug_pubtypes</name>
         <load_address>0x0</load_address>
         <run_address>0x0</run_address>
         <size>0x48</size>
         <input_file_ref idref="fl-131"/>
      </object_component>
      <object_component id="oc-63">
         <name>.debug_pubtypes</name>
         <load_address>0x48</load_address>
         <run_address>0x48</run_address>
         <size>0x37</size>
         <input_file_ref idref="fl-132"/>
      </object_component>
      <object_component id="oc-6b">
         <name>.debug_pubtypes</name>
         <load_address>0x7f</load_address>
         <run_address>0x7f</run_address>
         <size>0xed</size>
         <input_file_ref idref="fl-3"/>
      </object_component>
      <object_component id="oc-70">
         <name>.debug_pubtypes</name>
         <load_address>0x16c</load_address>
         <run_address>0x16c</run_address>
         <size>0x1c6</size>
         <input_file_ref idref="fl-3"/>
      </object_component>
      <object_component id="oc-8d">
         <name>.debug_pubtypes</name>
         <load_address>0x332</load_address>
         <run_address>0x332</run_address>
         <size>0x1d</size>
         <input_file_ref idref="fl-131"/>
      </object_component>
      <object_component id="oc-94">
         <name>.debug_pubtypes</name>
         <load_address>0x34f</load_address>
         <run_address>0x34f</run_address>
         <size>0x1d</size>
         <input_file_ref idref="fl-133"/>
      </object_component>
      <object_component id="oc-a3">
         <name>.debug_pubtypes</name>
         <load_address>0x36c</load_address>
         <run_address>0x36c</run_address>
         <size>0x1b</size>
         <input_file_ref idref="fl-138"/>
      </object_component>
      <object_component id="oc-b0">
         <name>.debug_pubtypes</name>
         <load_address>0x387</load_address>
         <run_address>0x387</run_address>
         <size>0x1f</size>
         <input_file_ref idref="fl-137"/>
      </object_component>
      <object_component id="oc-b4">
         <name>.debug_pubtypes</name>
         <load_address>0x3a6</load_address>
         <run_address>0x3a6</run_address>
         <size>0x1f</size>
         <input_file_ref idref="fl-134"/>
      </object_component>
      <object_component id="oc-b8">
         <name>.debug_pubtypes</name>
         <load_address>0x3c5</load_address>
         <run_address>0x3c5</run_address>
         <size>0x50</size>
         <input_file_ref idref="fl-13a"/>
      </object_component>
      <object_component id="oc-51">
         <name>.debug_str</name>
         <load_address>0x0</load_address>
         <run_address>0x0</run_address>
         <size>0xb6</size>
         <input_file_ref idref="fl-131"/>
      </object_component>
      <object_component id="oc-66">
         <name>.debug_str</name>
         <load_address>0xb6</load_address>
         <run_address>0xb6</run_address>
         <size>0xa8</size>
         <input_file_ref idref="fl-132"/>
      </object_component>
      <object_component id="oc-6e">
         <name>.debug_str</name>
         <load_address>0x15e</load_address>
         <run_address>0x15e</run_address>
         <size>0xf6</size>
         <input_file_ref idref="fl-3"/>
      </object_component>
      <object_component id="oc-73">
         <name>.debug_str</name>
         <load_address>0x254</load_address>
         <run_address>0x254</run_address>
         <size>0x204</size>
         <input_file_ref idref="fl-3"/>
      </object_component>
      <object_component id="oc-90">
         <name>.debug_str</name>
         <load_address>0x458</load_address>
         <run_address>0x458</run_address>
         <size>0x9d</size>
         <input_file_ref idref="fl-131"/>
      </object_component>
      <object_component id="oc-97">
         <name>.debug_str</name>
         <load_address>0x4f5</load_address>
         <run_address>0x4f5</run_address>
         <size>0x9d</size>
         <input_file_ref idref="fl-133"/>
      </object_component>
      <object_component id="oc-a6">
         <name>.debug_str</name>
         <load_address>0x592</load_address>
         <run_address>0x592</run_address>
         <size>0x8c</size>
         <input_file_ref idref="fl-138"/>
      </object_component>
      <object_component id="oc-bb">
         <name>.debug_str</name>
         <load_address>0x61e</load_address>
         <run_address>0x61e</run_address>
         <size>0xf4</size>
         <input_file_ref idref="fl-13a"/>
      </object_component>
   </object_component_list>
   <logical_group_list>
      <logical_group id="lg-3" display="no" color="cyan">
         <name>.intvecs</name>
         <load_address>0x0</load_address>
         <run_address>0x0</run_address>
         <size>0x208</size>
         <contents>
            <object_component_ref idref="oc-e"/>
         </contents>
      </logical_group>
      <logical_group id="lg-4" display="no" color="cyan">
         <name>.text</name>
         <load_address>0x208</load_address>
         <run_address>0x208</run_address>
         <size>0x37c</size>
         <contents>
            <object_component_ref idref="oc-7b"/>
            <object_component_ref idref="oc-47"/>
            <object_component_ref idref="oc-32"/>
            <object_component_ref idref="oc-5a"/>
            <object_component_ref idref="oc-11"/>
            <object_component_ref idref="oc-74"/>
            <object_component_ref idref="oc-3d"/>
            <object_component_ref idref="oc-37"/>
            <object_component_ref idref="oc-a7"/>
            <object_component_ref idref="oc-16"/>
            <object_component_ref idref="oc-29"/>
            <object_component_ref idref="oc-22"/>
         </contents>
      </logical_group>
      <logical_group id="lg-5" display="no" color="cyan">
         <name>.const</name>
         <run_address>0x0</run_address>
         <size>0x0</size>
         <contents>
         </contents>
      </logical_group>
      <logical_group id="lg-6" display="no" color="cyan">
         <name>.cinit</name>
         <load_address>0x588</load_address>
         <run_address>0x588</run_address>
         <size>0x20</size>
         <contents>
            <object_component_ref idref="oc-df"/>
            <object_component_ref idref="oc-dd"/>
            <object_component_ref idref="oc-de"/>
         </contents>
      </logical_group>
      <logical_group id="lg-7" display="no" color="cyan">
         <name>.pinit</name>
         <run_address>0x0</run_address>
         <size>0x0</size>
         <contents>
         </contents>
      </logical_group>
      <logical_group id="lg-8" display="no" color="cyan">
         <name>.init_array</name>
         <run_address>0x0</run_address>
         <size>0x0</size>
         <contents>
         </contents>
      </logical_group>
      <logical_group id="lg-9" display="no" color="cyan">
         <name>.vtable</name>
         <run_address>0x0</run_address>
         <size>0x0</size>
         <contents>
         </contents>
      </logical_group>
      <logical_group id="lg-a" display="no" color="cyan">
         <name>.data</name>
         <run_address>0x20000200</run_address>
         <size>0x14</size>
         <contents>
            <object_component_ref idref="oc-43"/>
            <object_component_ref idref="oc-82"/>
            <object_component_ref idref="oc-85"/>
         </contents>
      </logical_group>
      <logical_group id="lg-b" display="no" color="cyan">
         <name>.bss</name>
         <run_address>0x0</run_address>
         <size>0x0</size>
         <contents>
         </contents>
      </logical_group>
      <logical_group id="lg-c" display="no" color="cyan">
         <name>.sysmem</name>
         <run_address>0x0</run_address>
         <size>0x0</size>
         <contents>
         </contents>
      </logical_group>
      <logical_group id="lg-d" display="no" color="cyan">
         <name>.stack</name>
         <run_address>0x20000000</run_address>
         <size>0x200</size>
         <contents>
            <object_component_ref idref="oc-28"/>
            <object_component_ref idref="oc-e0"/>
         </contents>
      </logical_group>
      <logical_group id="lg-cd" display="never" color="cyan">
         <name>.debug_info</name>
         <load_address>0x0</load_address>
         <run_address>0x0</run_address>
         <size>0x200e</size>
         <contents>
            <object_component_ref idref="oc-f"/>
            <object_component_ref idref="oc-12"/>
            <object_component_ref idref="oc-17"/>
            <object_component_ref idref="oc-23"/>
            <object_component_ref idref="oc-2a"/>
            <object_component_ref idref="oc-31"/>
            <object_component_ref idref="oc-33"/>
            <object_component_ref idref="oc-38"/>
            <object_component_ref idref="oc-3e"/>
            <object_component_ref idref="oc-44"/>
            <object_component_ref idref="oc-49"/>
            <object_component_ref idref="oc-4d"/>
            <object_component_ref idref="oc-52"/>
            <object_component_ref idref="oc-5b"/>
            <object_component_ref idref="oc-61"/>
            <object_component_ref idref="oc-62"/>
            <object_component_ref idref="oc-6a"/>
            <object_component_ref idref="oc-6f"/>
            <object_component_ref idref="oc-75"/>
            <object_component_ref idref="oc-7c"/>
            <object_component_ref idref="oc-81"/>
            <object_component_ref idref="oc-83"/>
            <object_component_ref idref="oc-86"/>
            <object_component_ref idref="oc-8c"/>
            <object_component_ref idref="oc-93"/>
            <object_component_ref idref="oc-9e"/>
            <object_component_ref idref="oc-a2"/>
            <object_component_ref idref="oc-a8"/>
            <object_component_ref idref="oc-af"/>
            <object_component_ref idref="oc-b3"/>
            <object_component_ref idref="oc-b7"/>
            <object_component_ref idref="oc-e1"/>
         </contents>
      </logical_group>
      <logical_group id="lg-cf" display="never" color="cyan">
         <name>.debug_pubnames</name>
         <load_address>0x0</load_address>
         <run_address>0x0</run_address>
         <size>0x2cf</size>
         <contents>
            <object_component_ref idref="oc-10"/>
            <object_component_ref idref="oc-13"/>
            <object_component_ref idref="oc-19"/>
            <object_component_ref idref="oc-25"/>
            <object_component_ref idref="oc-2c"/>
            <object_component_ref idref="oc-35"/>
            <object_component_ref idref="oc-3a"/>
            <object_component_ref idref="oc-40"/>
            <object_component_ref idref="oc-45"/>
            <object_component_ref idref="oc-4b"/>
            <object_component_ref idref="oc-5d"/>
            <object_component_ref idref="oc-77"/>
            <object_component_ref idref="oc-7e"/>
            <object_component_ref idref="oc-84"/>
            <object_component_ref idref="oc-87"/>
            <object_component_ref idref="oc-aa"/>
         </contents>
      </logical_group>
      <logical_group id="lg-d1" display="never" color="cyan">
         <name>.debug_aranges</name>
         <load_address>0x0</load_address>
         <run_address>0x0</run_address>
         <size>0x1c0</size>
         <contents>
            <object_component_ref idref="oc-14"/>
            <object_component_ref idref="oc-18"/>
            <object_component_ref idref="oc-24"/>
            <object_component_ref idref="oc-2b"/>
            <object_component_ref idref="oc-34"/>
            <object_component_ref idref="oc-39"/>
            <object_component_ref idref="oc-3f"/>
            <object_component_ref idref="oc-4a"/>
            <object_component_ref idref="oc-5c"/>
            <object_component_ref idref="oc-76"/>
            <object_component_ref idref="oc-7d"/>
            <object_component_ref idref="oc-a9"/>
         </contents>
      </logical_group>
      <logical_group id="lg-d3" display="never" color="cyan">
         <name>.debug_line</name>
         <load_address>0x0</load_address>
         <run_address>0x0</run_address>
         <size>0x93f</size>
         <contents>
            <object_component_ref idref="oc-15"/>
            <object_component_ref idref="oc-1a"/>
            <object_component_ref idref="oc-26"/>
            <object_component_ref idref="oc-2d"/>
            <object_component_ref idref="oc-30"/>
            <object_component_ref idref="oc-36"/>
            <object_component_ref idref="oc-3b"/>
            <object_component_ref idref="oc-41"/>
            <object_component_ref idref="oc-48"/>
            <object_component_ref idref="oc-50"/>
            <object_component_ref idref="oc-5e"/>
            <object_component_ref idref="oc-65"/>
            <object_component_ref idref="oc-69"/>
            <object_component_ref idref="oc-6d"/>
            <object_component_ref idref="oc-72"/>
            <object_component_ref idref="oc-78"/>
            <object_component_ref idref="oc-7f"/>
            <object_component_ref idref="oc-8a"/>
            <object_component_ref idref="oc-8f"/>
            <object_component_ref idref="oc-92"/>
            <object_component_ref idref="oc-96"/>
            <object_component_ref idref="oc-9c"/>
            <object_component_ref idref="oc-a1"/>
            <object_component_ref idref="oc-a5"/>
            <object_component_ref idref="oc-ab"/>
            <object_component_ref idref="oc-ae"/>
            <object_component_ref idref="oc-b2"/>
            <object_component_ref idref="oc-b6"/>
            <object_component_ref idref="oc-ba"/>
            <object_component_ref idref="oc-be"/>
            <object_component_ref idref="oc-c0"/>
         </contents>
      </logical_group>
      <logical_group id="lg-d5" display="never" color="cyan">
         <name>.debug_frame</name>
         <load_address>0x0</load_address>
         <run_address>0x0</run_address>
         <size>0x497</size>
         <contents>
            <object_component_ref idref="oc-1b"/>
            <object_component_ref idref="oc-27"/>
            <object_component_ref idref="oc-2e"/>
            <object_component_ref idref="oc-3c"/>
            <object_component_ref idref="oc-42"/>
            <object_component_ref idref="oc-5f"/>
            <object_component_ref idref="oc-79"/>
            <object_component_ref idref="oc-ac"/>
         </contents>
      </logical_group>
      <logical_group id="lg-d7" display="never" color="cyan">
         <name>.debug_abbrev</name>
         <load_address>0x0</load_address>
         <run_address>0x0</run_address>
         <size>0xa05</size>
         <contents>
            <object_component_ref idref="oc-2f"/>
            <object_component_ref idref="oc-46"/>
            <object_component_ref idref="oc-4c"/>
            <object_component_ref idref="oc-4f"/>
            <object_component_ref idref="oc-60"/>
            <object_component_ref idref="oc-64"/>
            <object_component_ref idref="oc-67"/>
            <object_component_ref idref="oc-68"/>
            <object_component_ref idref="oc-6c"/>
            <object_component_ref idref="oc-71"/>
            <object_component_ref idref="oc-7a"/>
            <object_component_ref idref="oc-80"/>
            <object_component_ref idref="oc-88"/>
            <object_component_ref idref="oc-89"/>
            <object_component_ref idref="oc-8b"/>
            <object_component_ref idref="oc-8e"/>
            <object_component_ref idref="oc-91"/>
            <object_component_ref idref="oc-95"/>
            <object_component_ref idref="oc-9a"/>
            <object_component_ref idref="oc-9b"/>
            <object_component_ref idref="oc-9d"/>
            <object_component_ref idref="oc-9f"/>
            <object_component_ref idref="oc-a0"/>
            <object_component_ref idref="oc-a4"/>
            <object_component_ref idref="oc-ad"/>
            <object_component_ref idref="oc-b1"/>
            <object_component_ref idref="oc-b5"/>
            <object_component_ref idref="oc-b9"/>
            <object_component_ref idref="oc-bc"/>
            <object_component_ref idref="oc-bd"/>
            <object_component_ref idref="oc-bf"/>
            <object_component_ref idref="oc-e2"/>
         </contents>
      </logical_group>
      <logical_group id="lg-d9" display="never" color="cyan">
         <name>.debug_pubtypes</name>
         <load_address>0x0</load_address>
         <run_address>0x0</run_address>
         <size>0x415</size>
         <contents>
            <object_component_ref idref="oc-4e"/>
            <object_component_ref idref="oc-63"/>
            <object_component_ref idref="oc-6b"/>
            <object_component_ref idref="oc-70"/>
            <object_component_ref idref="oc-8d"/>
            <object_component_ref idref="oc-94"/>
            <object_component_ref idref="oc-a3"/>
            <object_component_ref idref="oc-b0"/>
            <object_component_ref idref="oc-b4"/>
            <object_component_ref idref="oc-b8"/>
         </contents>
      </logical_group>
      <logical_group id="lg-db" display="never" color="cyan">
         <name>.debug_str</name>
         <load_address>0x0</load_address>
         <run_address>0x0</run_address>
         <size>0x712</size>
         <contents>
            <object_component_ref idref="oc-51"/>
            <object_component_ref idref="oc-66"/>
            <object_component_ref idref="oc-6e"/>
            <object_component_ref idref="oc-73"/>
            <object_component_ref idref="oc-90"/>
            <object_component_ref idref="oc-97"/>
            <object_component_ref idref="oc-a6"/>
            <object_component_ref idref="oc-bb"/>
         </contents>
      </logical_group>
      <load_segment id="lg-e6" display="no" color="cyan">
         <name>SEGMENT_0</name>
         <load_address>0x0</load_address>
         <run_address>0x0</run_address>
         <size>0x5a8</size>
         <flags>0x5</flags>
         <contents>
            <logical_group_ref idref="lg-3"/>
            <logical_group_ref idref="lg-4"/>
            <logical_group_ref idref="lg-6"/>
         </contents>
      </load_segment>
      <load_segment id="lg-e7" display="no" color="cyan">
         <name>SEGMENT_1</name>
         <run_address>0x20000000</run_address>
         <size>0x214</size>
         <flags>0x6</flags>
         <contents>
            <logical_group_ref idref="lg-d"/>
            <logical_group_ref idref="lg-a"/>
         </contents>
      </load_segment>
   </logical_group_list>
   <placement_map>
      <memory_area display="yes" color="green">
         <name>FLASH</name>
         <page_id>0x0</page_id>
         <origin>0x0</origin>
         <length>0x100000</length>
         <used_space>0x5a4</used_space>
         <unused_space>0xffa5c</unused_space>
         <attributes>RX</attributes>
         <usage_details>
            <allocated_space>
               <start_address>0x0</start_address>
               <size>0x208</size>
               <logical_group_ref idref="lg-3"/>
            </allocated_space>
            <allocated_space>
               <start_address>0x208</start_address>
               <size>0x37c</size>
               <logical_group_ref idref="lg-4"/>
            </allocated_space>
            <available_space>
               <start_address>0x584</start_address>
               <size>0x4</size>
            </available_space>
            <allocated_space>
               <start_address>0x588</start_address>
               <size>0x20</size>
               <logical_group_ref idref="lg-6"/>
            </allocated_space>
            <available_space>
               <start_address>0x5a8</start_address>
               <size>0xffa58</size>
            </available_space>
         </usage_details>
      </memory_area>
      <memory_area display="yes" color="green">
         <name>SRAM</name>
         <page_id>0x0</page_id>
         <origin>0x20000000</origin>
         <length>0x40000</length>
         <used_space>0x214</used_space>
         <unused_space>0x3fdec</unused_space>
         <attributes>RWX</attributes>
         <usage_details>
            <allocated_space>
               <start_address>0x20000000</start_address>
               <size>0x200</size>
               <logical_group_ref idref="lg-d"/>
            </allocated_space>
            <allocated_space>
               <start_address>0x20000200</start_address>
               <size>0x14</size>
               <logical_group_ref idref="lg-a"/>
            </allocated_space>
            <available_space>
               <start_address>0x20000214</start_address>
               <size>0x3fdec</size>
            </available_space>
         </usage_details>
      </memory_area>
   </placement_map>
   <cptbl_list>
      <cptbl>
         <name>__TI_cinit_table</name>
         <cprec>
            <name>.data</name>
            <load_address>0x588</load_address>
            <load_size>0xf</load_size>
            <run_address>0x20000200</run_address>
            <run_size>0x14</run_size>
            <compression>rle</compression>
         </cprec>
      </cptbl>
   </cptbl_list>
   <handler_table>
      <handler_table_name>__TI_handler_table</handler_table_name>
      <handler>
         <index>0x0</index>
         <name>__TI_decompress_rle24</name>
      </handler>
      <handler>
         <index>0x1</index>
         <name>__TI_decompress_none</name>
      </handler>
   </handler_table>
   <symbol_table>
      <symbol id="sm-1">
         <name>__STACK_TOP</name>
         <value>0x20000200</value>
      </symbol>
      <symbol id="sm-2">
         <name>__TI_CINIT_Base</name>
         <value>0x5a0</value>
      </symbol>
      <symbol id="sm-3">
         <name>__TI_CINIT_Limit</name>
         <value>0x5a8</value>
      </symbol>
      <symbol id="sm-4">
         <name>__TI_Handler_Table_Base</name>
         <value>0x598</value>
      </symbol>
      <symbol id="sm-5">
         <name>__TI_Handler_Table_Limit</name>
         <value>0x5a0</value>
      </symbol>
      <symbol id="sm-6">
         <name>binit</name>
         <value>0xffffffff</value>
      </symbol>
      <symbol id="sm-7">
         <name>__binit__</name>
         <value>0xffffffff</value>
      </symbol>
      <symbol id="sm-8">
         <name>__STACK_SIZE</name>
         <value>0x200</value>
      </symbol>
      <symbol id="sm-9">
         <name>__STACK_END</name>
         <value>0x20000200</value>
      </symbol>
      <symbol id="sm-a">
         <name>__c_args__</name>
         <value>0xffffffff</value>
      </symbol>
      <symbol id="sm-40">
         <name>main</name>
         <value>0x261</value>
         <object_component_ref idref="oc-7b"/>
      </symbol>
      <symbol id="sm-66">
         <name>ResetISR</name>
         <value>0x573</value>
         <object_component_ref idref="oc-29"/>
      </symbol>
      <symbol id="sm-67">
         <name>g_pfnVectors</name>
         <value>0x0</value>
         <object_component_ref idref="oc-e"/>
      </symbol>
      <symbol id="sm-77">
         <name>_c_int00</name>
         <value>0x469</value>
         <object_component_ref idref="oc-11"/>
      </symbol>
      <symbol id="sm-78">
         <name>__stack</name>
         <value>0x20000000</value>
         <object_component_ref idref="oc-28"/>
      </symbol>
      <symbol id="sm-8f">
         <name>__TI_decompress_none</name>
         <value>0x565</value>
         <object_component_ref idref="oc-16"/>
      </symbol>
      <symbol id="sm-b3">
         <name>__TI_decompress_rle24</name>
         <value>0x57f</value>
         <object_component_ref idref="oc-22"/>
      </symbol>
      <symbol id="sm-d8">
         <name>C$$EXIT</name>
         <value>0x4f5</value>
         <object_component_ref idref="oc-3d"/>
      </symbol>
      <symbol id="sm-d9">
         <name>abort</name>
         <value>0x4f9</value>
         <object_component_ref idref="oc-3d"/>
      </symbol>
      <symbol id="sm-da">
         <name>exit</name>
         <value>0x501</value>
         <object_component_ref idref="oc-3d"/>
      </symbol>
      <symbol id="sm-db">
         <name>__TI_dtors_ptr</name>
         <value>0x2000020c</value>
         <object_component_ref idref="oc-85"/>
      </symbol>
      <symbol id="sm-dc">
         <name>__TI_cleanup_ptr</name>
         <value>0x20000208</value>
         <object_component_ref idref="oc-85"/>
      </symbol>
      <symbol id="sm-f7">
         <name>memcpy</name>
         <value>0x2d7</value>
         <object_component_ref idref="oc-47"/>
      </symbol>
      <symbol id="sm-f8">
         <name>__aeabi_memcpy</name>
         <value>0x2d7</value>
         <object_component_ref idref="oc-47"/>
      </symbol>
      <symbol id="sm-f9">
         <name>__aeabi_memcpy8</name>
         <value>0x2d7</value>
         <object_component_ref idref="oc-47"/>
      </symbol>
      <symbol id="sm-fa">
         <name>__aeabi_memcpy4</name>
         <value>0x2d7</value>
         <object_component_ref idref="oc-47"/>
      </symbol>
      <symbol id="sm-102">
         <name>main_func_sp</name>
         <value>0x20000210</value>
         <object_component_ref idref="oc-43"/>
      </symbol>
      <symbol id="sm-11b">
         <name>_nop</name>
         <value>0x55f</value>
         <object_component_ref idref="oc-a7"/>
      </symbol>
      <symbol id="sm-11c">
         <name>_lock</name>
         <value>0x20000200</value>
         <object_component_ref idref="oc-82"/>
      </symbol>
      <symbol id="sm-11d">
         <name>_unlock</name>
         <value>0x20000204</value>
         <object_component_ref idref="oc-82"/>
      </symbol>
      <symbol id="sm-11e">
         <name>_register_lock</name>
         <value>0x557</value>
         <object_component_ref idref="oc-a7"/>
      </symbol>
      <symbol id="sm-11f">
         <name>_register_unlock</name>
         <value>0x551</value>
         <object_component_ref idref="oc-a7"/>
      </symbol>
      <symbol id="sm-133">
         <name>_args_main</name>
         <value>0x539</value>
         <object_component_ref idref="oc-37"/>
      </symbol>
      <symbol id="sm-150">
         <name>__TI_auto_init</name>
         <value>0x375</value>
         <object_component_ref idref="oc-32"/>
      </symbol>
      <symbol id="sm-169">
         <name>copy_in</name>
         <value>0x4b1</value>
         <object_component_ref idref="oc-74"/>
      </symbol>
      <symbol id="sm-16a">
         <name>__TI_static_base__</name>
         <value>0x588</value>
      </symbol>
      <symbol id="sm-16b">
         <name>__TI_args_main</name>
         <value>0x1</value>
      </symbol>
      <symbol id="sm-16c">
         <name>SHT$$INIT_ARRAY$$Limit</name>
         <value>0x0</value>
      </symbol>
      <symbol id="sm-16d">
         <name>SHT$$INIT_ARRAY$$Base</name>
         <value>0x0</value>
      </symbol>
   </symbol_table>
   <title>Link successful</title>
</link_info>
